{"inputUnits":[26],"outputUnits":3,"inputs":{"0":{"dtype":"number","min":0,"max":0},"1":{"dtype":"number","min":1,"max":1},"2":{"dtype":"number","min":0.1731500156761655,"max":0.2735061373001715},"3":{"dtype":"number","min":1.155701664499667,"max":1.2649185034489823},"4":{"dtype":"number","min":0.23512761638373514,"max":0.3088647421185423},"5":{"dtype":"number","min":1.0962738545344854,"max":1.1683780016323375},"6":{"dtype":"number","min":0.2169200864892687,"max":0.3952703688346374},"7":{"dtype":"number","min":1.1308459392010624,"max":1.3286443741562586},"8":{"dtype":"number","min":0.3513881456916253,"max":0.4805363717916395},"9":{"dtype":"number","min":0.9936995574206255,"max":1.1185983184476038},"10":{"dtype":"number","min":0.6213876095259734,"max":0.8268923420118544},"11":{"dtype":"number","min":0.6057450953279307,"max":0.7119014745768648},"12":{"dtype":"number","min":0.7943891707269306,"max":1.0062862831022243},"13":{"dtype":"number","min":0.5671543144982266,"max":0.7054838393575954},"14":{"dtype":"number","min":1.2103154893822154,"max":1.502183921444103},"15":{"dtype":"number","min":0.49580835519104277,"max":0.7088015646479728},"16":{"dtype":"number","min":1.5109626400869696,"max":1.6917665670290436},"17":{"dtype":"number","min":0.6804142102114735,"max":0.9629192799525584},"18":{"dtype":"number","min":1.1364269405468654,"max":1.3751177828051377},"19":{"dtype":"number","min":0.3881791544819113,"max":0.5888327128784},"20":{"dtype":"number","min":1.3553673889425295,"max":1.5475548270300377},"21":{"dtype":"number","min":0.5581712194679647,"max":0.9071311090683088},"22":{"dtype":"number","min":1.1843189098701068,"max":1.3339376244124912},"23":{"dtype":"number","min":0.3551566166107867,"max":0.47250122513660286},"24":{"dtype":"number","min":1.3602617753229775,"max":1.504340871474121},"25":{"dtype":"number","min":0.46516108780489546,"max":0.6477948688003586}},"outputs":{"0":{"dtype":"string","min":0,"max":1,"uniqueValues":["a","b","c"],"legend":{"a":[1,0,0],"b":[0,1,0],"c":[0,0,1]}}},"isNormalized":true}