{"inputUnits":[26],"outputUnits":4,"inputs":{"0":{"dtype":"number","min":0,"max":0},"1":{"dtype":"number","min":1,"max":1},"2":{"dtype":"number","min":0.07848015785675302,"max":0.11483701377808718},"3":{"dtype":"number","min":1.0534536047188978,"max":1.0816201283873887},"4":{"dtype":"number","min":0.07549424647941066,"max":0.11259534261342263},"5":{"dtype":"number","min":1.0386662740329766,"max":1.0781953597835683},"6":{"dtype":"number","min":0.15001991897572292,"max":0.19247282604923935},"7":{"dtype":"number","min":0.9636494438295057,"max":1.0317956621138802},"8":{"dtype":"number","min":0.14750557238269774,"max":0.21484770143477736},"9":{"dtype":"number","min":0.9568128762648347,"max":1.033832703670933},"10":{"dtype":"number","min":0.4441465004471243,"max":0.5166413874329016},"11":{"dtype":"number","min":0.6379090446308987,"max":0.7604272322419623},"12":{"dtype":"number","min":0.4169113006719292,"max":0.5145674337601314},"13":{"dtype":"number","min":0.6490985927151844,"max":0.7717835995453138},"14":{"dtype":"number","min":0.7721758027601959,"max":1.1105079536601343},"15":{"dtype":"number","min":0.4486905741582408,"max":1.1366625970965576},"16":{"dtype":"number","min":0.673648929182405,"max":1.1035284673433694},"17":{"dtype":"number","min":0.34089923912549724,"max":1.043541428262372},"18":{"dtype":"number","min":0.7067690112701795,"max":1.568080032133138},"19":{"dtype":"number","min":0.5941138638180529,"max":1.7419426401272353},"20":{"dtype":"number","min":0.72751602751794,"max":1.6274152365645407},"21":{"dtype":"number","min":0.2589555228388009,"max":1.5838103665180647},"22":{"dtype":"number","min":1.492462038157477,"max":1.676283305346491},"23":{"dtype":"number","min":0.5184898358819763,"max":0.7126702477660646},"24":{"dtype":"number","min":1.3216683298736365,"max":1.7159069178889996},"25":{"dtype":"number","min":0.34010249828887107,"max":0.7577908525957632}},"outputs":{"0":{"dtype":"string","min":0,"max":1,"uniqueValues":["a","b","c","d"],"legend":{"a":[1,0,0,0],"b":[0,1,0,0],"c":[0,0,1,0],"d":[0,0,0,1]}}},"isNormalized":true}